observed_at,management_id,note_key,views,likes,comments
2026-08-07,CRAFT-003,nf9c5e7c96ad4,52,12,2
2026-08-07,CRAFT-004,n88c4129a954e,50,10,0
2026-08-07,LIFE-006,n41dd15343129,60,9,0
2026-08-07,LIFE-003,n003e73497ad9,65,12,0
2026-08-07,OTEPAY-010,n7a4f8948b729,32,8,0
2026-08-07,OTEPAY-008,n7e41c4f77a39,38,5,0
2026-08-07,OTEPAY-009,na5bdf99d5706,80,11,0
2026-08-07,OTEPAY-006,n4a254917eef4,34,11,0
2026-08-07,OTEPAY-005,n30fda5bfa761,89,21,0
2026-08-07,OTEPAY-003,nf27bdd46ade5,60,15,0
2026-08-07,OTEPAY-004,n9743a1c5dfdf,86,17,0
2026-08-07,OTEPAY-002,n19fca6a0bced,57,14,5
2026-08-07,OTEPAY-007,n5f9f033b9984,31,7,0
2026-08-07,OTEPAY-001,n6396852d7c6a,77,19,0
2026-08-07,CRAFT-001,nf1fcb315c3b5,116,25,0
2026-08-07,PLAYVEE-001,n3cb576e5f930,62,12,0
2026-08-07,LIFE-004,nffa7e9ae3234,61,17,0
2026-08-07,OTHER-001,n11933f33e051,59,18,0
2026-08-07,LIFE-005,n265870eeb1fa,51,16,0
2026-08-07,CRAFT-002,n2e454f52ac1b,38,7,0
2026-08-07,CRAFT-005,ne9d6aa722ef5,21,6,0
2026-08-07,LIFE-002,n980384a715f5,22,5,0
2026-08-07,LIFE-001,n9ba1ab2ca292,26,4,0
2026-08-14,CRAFT-003,nf9c5e7c96ad4,56,13,0
2026-08-14,AILAB-001,n82c683a34214,51,19,0
2026-08-14,AILAB-002,n3eae2826d2a6,36,11,2
2026-08-14,CRAFT-004,n88c4129a954e,50,10,0
2026-08-14,LIFE-006,n41dd15343129,63,10,0
2026-08-14,LIFE-007,n206593e0ab29,45,19,0
2026-08-14,LIFE-003,n003e73497ad9,66,12,0
2026-08-14,OTEPAY-010,n7a4f8948b729,37,8,0
2026-08-14,OTEPAY-008,n7e41c4f77a39,40,5,0
2026-08-14,OTEPAY-009,na5bdf99d5706,84,11,0
2026-08-14,OTEPAY-006,n4a254917eef4,37,11,0
2026-08-14,OTEPAY-005,n30fda5bfa761,91,21,0
2026-08-14,OTEPAY-003,nf27bdd46ade5,62,15,0
2026-08-14,OTEPAY-004,n9743a1c5dfdf,87,17,0
2026-08-14,OTEPAY-002,n19fca6a0bced,59,14,0
2026-08-14,OTEPAY-007,n5f9f033b9984,32,7,0
2026-08-14,OTEPAY-001,n6396852d7c6a,81,19,0
2026-08-14,CRAFT-001,nf1fcb315c3b5,120,25,0
2026-08-14,PLAYVEE-001,n3cb576e5f930,65,12,0
2026-08-14,LIFE-004,nffa7e9ae3234,73,18,2
2026-08-14,OTHER-001,n11933f33e051,62,18,0
2026-08-14,LIFE-005,n265870eeb1fa,52,16,0
2026-08-14,CRAFT-002,n2e454f52ac1b,43,7,0
2026-08-14,CRAFT-005,ne9d6aa722ef5,56,22,0
2026-08-14,LIFE-002,n980384a715f5,23,5,0
2026-08-14,LIFE-001,n9ba1ab2ca292,26,4,0
2026-08-16,CRAFT-001,nf1fcb315c3b5,120,25,0
2026-08-16,OTEPAY-002,n19fca6a0bced,91,21,5
2026-08-16,OTEPAY-004,n9743a1c5dfdf,87,17,0
2026-08-16,OTEPAY-009,na5bdf99d5706,84,11,0
2026-08-16,OTEPAY-001,n6396852d7c6a,81,19,0
2026-08-16,LIFE-004,nffa7e9ae3234,74,18,2
2026-08-16,LIFE-003,n003e73497ad9,66,12,0
2026-08-16,PLAYVEE-001,n3cb576e5f930,65,12,0
2026-08-16,LIFE-006,n41dd15343129,65,10,0
2026-08-16,OTHER-001,n11933f33e051,62,18,0
2026-08-16,OTEPAY-003,nf27bdd46ade5,62,15,0
2026-08-16,OTEPAY-005,n30fda5bfa761,59,14,0
2026-08-16,CRAFT-003,nf9c5e7c96ad4,56,13,2
2026-08-16,CRAFT-005,ne9d6aa722ef5,56,22,2
2026-08-16,AILAB-001,n82c683a34214,55,19,0
2026-08-16,LIFE-005,n265870eeb1fa,52,16,0
2026-08-16,CRAFT-004,n88c4129a954e,51,11,0
2026-08-16,LIFE-007,n206593e0ab29,51,19,0
2026-08-16,CRAFT-002,n2e454f52ac1b,43,7,0
2026-08-16,OTEPAY-008,n7e41c4f77a39,40,5,0
2026-08-16,AILAB-002,n3eae2826d2a6,38,11,2
2026-08-16,OTEPAY-007,n5f9f033b9984,37,11,0
2026-08-16,OTEPAY-010,n7a4f8948b729,37,8,0
2026-08-16,OTHER-002,n4dda5432aab6,35,11,0
2026-08-16,OTEPAY-006,n4a254917eef4,32,7,0
2026-08-16,LIFE-001,n9ba1ab2ca292,26,4,0
2026-08-16,LIFE-002,n980384a715f5,23,5,0
2026-08-16,LIFE-008,n69aa219b9a4f,24,5,0
2026-08-17,CRAFT-001,nf1fcb315c3b5,120,25,0
2026-08-17,OTEPAY-002,n19fca6a0bced,91,21,5
2026-08-17,OTEPAY-004,n9743a1c5dfdf,87,17,0
2026-08-17,OTEPAY-009,na5bdf99d5706,85,11,0
2026-08-17,OTEPAY-001,n6396852d7c6a,82,19,0
2026-08-17,LIFE-004,nffa7e9ae3234,74,18,2
2026-08-17,LIFE-003,n003e73497ad9,66,12,0
2026-08-17,PLAYVEE-001,n3cb576e5f930,65,12,0
2026-08-17,LIFE-006,n41dd15343129,65,10,0
2026-08-17,OTHER-001,n11933f33e051,62,18,0
2026-08-17,OTEPAY-003,nf27bdd46ade5,62,15,0
2026-08-17,OTEPAY-005,n30fda5bfa761,59,14,0
2026-08-17,CRAFT-003,nf9c5e7c96ad4,56,13,2
2026-08-17,CRAFT-005,ne9d6aa722ef5,56,22,2
2026-08-17,AILAB-001,n82c683a34214,55,19,0
2026-08-17,LIFE-005,n265870eeb1fa,52,16,0
2026-08-17,CRAFT-004,n88c4129a954e,51,11,0
2026-08-17,LIFE-007,n206593e0ab29,51,19,0
2026-08-17,CRAFT-002,n2e454f52ac1b,43,7,0
2026-08-17,OTEPAY-008,n7e41c4f77a39,40,5,0
2026-08-17,AILAB-002,n3eae2826d2a6,39,11,2
2026-08-17,OTEPAY-007,n5f9f033b9984,37,11,0
2026-08-17,OTEPAY-010,n7a4f8948b729,37,8,0
2026-08-17,OTHER-002,n4dda5432aab6,37,12,0
2026-08-17,OTEPAY-006,n4a254917eef4,32,7,0
2026-08-17,LIFE-001,n9ba1ab2ca292,26,4,0
2026-08-17,LIFE-002,n980384a715f5,23,5,0
2026-08-17,LIFE-008,n69aa219b9a4f,25,6,0
2026-08-17,LIFE-009,n4d6edde95632,15,6,0
2026-08-18,CRAFT-001,nf1fcb315c3b5,120,25,0
2026-08-18,OTEPAY-002,n19fca6a0bced,91,21,5
2026-08-18,OTEPAY-004,n9743a1c5dfdf,87,17,0
2026-08-18,OTEPAY-009,na5bdf99d5706,85,11,0
2026-08-18,OTEPAY-001,n6396852d7c6a,82,19,0
2026-08-18,LIFE-004,nffa7e9ae3234,74,18,2
2026-08-18,LIFE-003,n003e73497ad9,66,12,0
2026-08-18,PLAYVEE-001,n3cb576e5f930,65,12,0
2026-08-18,LIFE-006,n41dd15343129,65,10,0
2026-08-18,OTHER-001,n11933f33e051,62,18,0
2026-08-18,OTEPAY-003,nf27bdd46ade5,62,15,0
2026-08-18,OTEPAY-005,n30fda5bfa761,59,14,0
2026-08-18,CRAFT-003,nf9c5e7c96ad4,56,13,2
2026-08-18,CRAFT-005,ne9d6aa722ef5,56,22,2
2026-08-18,AILAB-001,n82c683a34214,55,19,0
2026-08-18,LIFE-005,n265870eeb1fa,52,16,0
2026-08-18,CRAFT-004,n88c4129a954e,51,11,0
2026-08-18,LIFE-007,n206593e0ab29,51,19,0
2026-08-18,CRAFT-002,n2e454f52ac1b,43,7,0
2026-08-18,OTEPAY-008,n7e41c4f77a39,40,5,0
2026-08-18,AILAB-002,n3eae2826d2a6,39,11,2
2026-08-18,OTEPAY-007,n5f9f033b9984,37,11,0
2026-08-18,OTEPAY-010,n7a4f8948b729,37,8,0
2026-08-18,OTHER-002,n4dda5432aab6,38,12,0
2026-08-18,OTEPAY-006,n4a254917eef4,32,7,0
2026-08-18,LIFE-001,n9ba1ab2ca292,26,4,0
2026-08-18,LIFE-002,n980384a715f5,23,5,0
2026-08-18,LIFE-008,n69aa219b9a4f,26,6,0
2026-08-18,LIFE-009,n4d6edde95632,24,8,0
2026-08-19,CRAFT-001,nf1fcb315c3b5,120,25,0
2026-08-19,OTEPAY-002,n19fca6a0bced,91,21,5
2026-08-19,OTEPAY-004,n9743a1c5dfdf,87,17,0
2026-08-19,OTEPAY-009,na5bdf99d5706,85,11,0
2026-08-19,OTEPAY-001,n6396852d7c6a,82,19,0
2026-08-19,LIFE-004,nffa7e9ae3234,74,18,2
2026-08-19,LIFE-003,n003e73497ad9,66,12,0
2026-08-19,PLAYVEE-001,n3cb576e5f930,65,12,0
2026-08-19,LIFE-006,n41dd15343129,66,10,0
2026-08-19,OTHER-001,n11933f33e051,62,18,0
2026-08-19,OTEPAY-003,nf27bdd46ade5,62,15,0
2026-08-19,OTEPAY-005,n30fda5bfa761,59,14,0
2026-08-19,CRAFT-003,nf9c5e7c96ad4,56,13,2
2026-08-19,CRAFT-005,ne9d6aa722ef5,56,22,2
2026-08-19,AILAB-001,n82c683a34214,55,19,0
2026-08-19,LIFE-005,n265870eeb1fa,54,16,0
2026-08-19,CRAFT-004,n88c4129a954e,51,11,0
2026-08-19,LIFE-007,n206593e0ab29,51,19,0
2026-08-19,CRAFT-002,n2e454f52ac1b,43,7,0
2026-08-19,OTEPAY-008,n7e41c4f77a39,40,5,0
2026-08-19,AILAB-002,n3eae2826d2a6,40,11,2
2026-08-19,OTEPAY-007,n5f9f033b9984,37,11,0
2026-08-19,OTEPAY-010,n7a4f8948b729,37,8,0
2026-08-19,OTHER-002,n4dda5432aab6,40,13,0
2026-08-19,OTEPAY-006,n4a254917eef4,32,7,0
2026-08-19,LIFE-001,n9ba1ab2ca292,26,4,0
2026-08-19,LIFE-002,n980384a715f5,23,5,0
2026-08-19,LIFE-008,n69aa219b9a4f,32,6,0
2026-08-19,LIFE-009,n4d6edde95632,40,9,0
2026-08-19,LIFE-010,n4f304f74e11f,29,4,0
2026-08-19,,nd1b3c376d573,19,6,0
2026-08-20,CRAFT-001,nf1fcb315c3b5,120,25,0
2026-08-20,OTEPAY-002,n19fca6a0bced,91,21,5
2026-08-20,OTEPAY-004,n9743a1c5dfdf,87,17,0
2026-08-20,OTEPAY-009,na5bdf99d5706,85,11,0
2026-08-20,OTEPAY-001,n6396852d7c6a,82,19,0
2026-08-20,LIFE-004,nffa7e9ae3234,74,18,2
2026-08-20,LIFE-003,n003e73497ad9,68,13,0
2026-08-20,PLAYVEE-001,n3cb576e5f930,65,12,0
2026-08-20,LIFE-006,n41dd15343129,66,10,0
2026-08-20,OTHER-001,n11933f33e051,62,18,0
2026-08-20,OTEPAY-003,nf27bdd46ade5,62,15,0
2026-08-20,OTEPAY-005,n30fda5bfa761,59,14,0
2026-08-20,CRAFT-003,nf9c5e7c96ad4,57,13,2
2026-08-20,CRAFT-005,ne9d6aa722ef5,58,23,2
2026-08-20,AILAB-001,n82c683a34214,55,19,0
2026-08-20,LIFE-005,n265870eeb1fa,54,16,0
2026-08-20,CRAFT-004,n88c4129a954e,51,11,0
2026-08-20,LIFE-007,n206593e0ab29,51,19,0
2026-08-20,CRAFT-002,n2e454f52ac1b,43,7,0
2026-08-20,OTEPAY-008,n7e41c4f77a39,40,5,0
2026-08-20,AILAB-002,n3eae2826d2a6,40,11,2
2026-08-20,OTEPAY-007,n5f9f033b9984,37,11,0
2026-08-20,OTEPAY-010,n7a4f8948b729,37,8,0
2026-08-20,OTHER-002,n4dda5432aab6,40,13,0
2026-08-20,OTEPAY-006,n4a254917eef4,32,7,0
2026-08-20,LIFE-001,n9ba1ab2ca292,26,4,0
2026-08-20,LIFE-002,n980384a715f5,23,5,0
2026-08-20,LIFE-008,n69aa219b9a4f,32,6,0
2026-08-20,LIFE-009,n4d6edde95632,45,10,0
2026-08-20,LIFE-010,n4f304f74e11f,32,4,0
2026-08-20,LIFE-011,nd1b3c376d573,26,11,0
2026-08-21,CRAFT-001,nf1fcb315c3b5,120,25,0
2026-08-21,OTEPAY-002,n19fca6a0bced,91,21,5
2026-08-21,OTEPAY-004,n9743a1c5dfdf,87,17,0
2026-08-21,OTEPAY-009,na5bdf99d5706,85,11,0
2026-08-21,OTEPAY-001,n6396852d7c6a,82,19,0
2026-08-21,LIFE-004,nffa7e9ae3234,74,18,2
2026-08-21,LIFE-003,n003e73497ad9,69,13,0
2026-08-21,PLAYVEE-001,n3cb576e5f930,65,12,0
2026-08-21,LIFE-006,n41dd15343129,66,10,0
2026-08-21,OTHER-001,n11933f33e051,62,18,0
2026-08-21,OTEPAY-003,nf27bdd46ade5,62,15,0
2026-08-21,OTEPAY-005,n30fda5bfa761,59,14,0
2026-08-21,CRAFT-003,nf9c5e7c96ad4,57,13,2
2026-08-21,CRAFT-005,ne9d6aa722ef5,58,23,2
2026-08-21,AILAB-001,n82c683a34214,55,19,0
2026-08-21,LIFE-005,n265870eeb1fa,54,16,0
2026-08-21,CRAFT-004,n88c4129a954e,51,11,0
2026-08-21,LIFE-007,n206593e0ab29,51,19,0
2026-08-21,CRAFT-002,n2e454f52ac1b,43,7,0
2026-08-21,OTEPAY-008,n7e41c4f77a39,40,5,0
2026-08-21,AILAB-002,n3eae2826d2a6,40,11,2
2026-08-21,OTEPAY-007,n5f9f033b9984,37,11,0
2026-08-21,OTEPAY-010,n7a4f8948b729,37,8,0
2026-08-21,OTHER-002,n4dda5432aab6,40,14,0
2026-08-21,OTEPAY-006,n4a254917eef4,32,7,0
2026-08-21,LIFE-001,n9ba1ab2ca292,26,4,0
2026-08-21,LIFE-002,n980384a715f5,23,5,0
2026-08-21,LIFE-008,n69aa219b9a4f,32,6,0
2026-08-21,LIFE-009,n4d6edde95632,48,11,0
2026-08-21,LIFE-010,n4f304f74e11f,36,5,0
2026-08-21,LIFE-011,nd1b3c376d573,32,12,0
2026-08-21,,n81b245ad2653,21,3,0
2026-08-22,CRAFT-001,nf1fcb315c3b5,120,25,0
2026-08-22,OTEPAY-002,n19fca6a0bced,91,21,5
2026-08-22,OTEPAY-004,n9743a1c5dfdf,87,17,0
2026-08-22,OTEPAY-009,na5bdf99d5706,85,11,0
2026-08-22,OTEPAY-001,n6396852d7c6a,82,19,0
2026-08-22,LIFE-004,nffa7e9ae3234,74,18,2
2026-08-22,LIFE-003,n003e73497ad9,69,13,0
2026-08-22,PLAYVEE-001,n3cb576e5f930,65,12,0
2026-08-22,LIFE-006,n41dd15343129,67,10,0
2026-08-22,OTHER-001,n11933f33e051,62,18,0
2026-08-22,OTEPAY-003,nf27bdd46ade5,62,15,0
2026-08-22,OTEPAY-005,n30fda5bfa761,59,14,0
2026-08-22,CRAFT-003,nf9c5e7c96ad4,57,13,2
2026-08-22,CRAFT-005,ne9d6aa722ef5,59,23,2
2026-08-22,AILAB-001,n82c683a34214,55,19,0
2026-08-22,LIFE-005,n265870eeb1fa,54,16,0
2026-08-22,CRAFT-004,n88c4129a954e,51,11,0
2026-08-22,LIFE-007,n206593e0ab29,51,19,0
2026-08-22,CRAFT-002,n2e454f52ac1b,43,7,0
2026-08-22,OTEPAY-008,n7e41c4f77a39,40,5,0
2026-08-22,AILAB-002,n3eae2826d2a6,40,11,2
2026-08-22,OTEPAY-007,n5f9f033b9984,37,11,0
2026-08-22,OTEPAY-010,n7a4f8948b729,39,8,0
2026-08-22,OTHER-002,n4dda5432aab6,40,14,0
2026-08-22,OTEPAY-006,n4a254917eef4,32,7,0
2026-08-22,LIFE-001,n9ba1ab2ca292,26,4,0
2026-08-22,LIFE-002,n980384a715f5,23,5,0
2026-08-22,LIFE-008,n69aa219b9a4f,32,6,0
2026-08-22,LIFE-009,n4d6edde95632,48,11,0
2026-08-22,LIFE-010,n4f304f74e11f,36,5,0
2026-08-22,LIFE-011,nd1b3c376d573,34,12,0
2026-08-22,,n81b245ad2653,27,5,0
2026-08-23,CRAFT-001,nf1fcb315c3b5,120,25,0
2026-08-23,OTEPAY-002,n19fca6a0bced,91,21,5
2026-08-23,OTEPAY-004,n9743a1c5dfdf,87,17,0
2026-08-23,OTEPAY-009,na5bdf99d5706,85,11,0
2026-08-23,OTEPAY-001,n6396852d7c6a,82,19,0
2026-08-23,LIFE-004,nffa7e9ae3234,74,18,2
2026-08-23,LIFE-003,n003e73497ad9,69,13,0
2026-08-23,PLAYVEE-001,n3cb576e5f930,66,12,0
2026-08-23,LIFE-006,n41dd15343129,68,10,0
2026-08-23,OTHER-001,n11933f33e051,62,18,0
2026-08-23,OTEPAY-003,nf27bdd46ade5,62,15,0
2026-08-23,OTEPAY-005,n30fda5bfa761,59,14,0
2026-08-23,CRAFT-003,nf9c5e7c96ad4,57,13,2
2026-08-23,CRAFT-005,ne9d6aa722ef5,60,23,2
2026-08-23,AILAB-001,n82c683a34214,55,19,0
2026-08-23,LIFE-005,n265870eeb1fa,54,16,0
2026-08-23,CRAFT-004,n88c4129a954e,51,11,0
2026-08-23,LIFE-007,n206593e0ab29,51,19,0
2026-08-23,CRAFT-002,n2e454f52ac1b,43,7,0
2026-08-23,OTEPAY-008,n7e41c4f77a39,40,5,0
2026-08-23,AILAB-002,n3eae2826d2a6,40,11,2
2026-08-23,OTEPAY-007,n5f9f033b9984,37,11,0
2026-08-23,OTEPAY-010,n7a4f8948b729,40,8,0
2026-08-23,OTHER-002,n4dda5432aab6,40,14,0
2026-08-23,OTEPAY-006,n4a254917eef4,32,7,0
2026-08-23,LIFE-001,n9ba1ab2ca292,26,4,0
2026-08-23,LIFE-002,n980384a715f5,25,5,0
2026-08-23,LIFE-008,n69aa219b9a4f,33,6,0
2026-08-23,LIFE-009,n4d6edde95632,48,11,0
2026-08-23,LIFE-010,n4f304f74e11f,37,5,0
2026-08-23,LIFE-011,nd1b3c376d573,37,12,0
2026-08-23,LIFE-012,n81b245ad2653,33,7,0
2026-08-23,,n7e5f69222797,18,5,0
2026-08-24,CRAFT-001,nf1fcb315c3b5,120,25,0
2026-08-24,OTEPAY-002,n19fca6a0bced,91,21,5
2026-08-24,OTEPAY-004,n9743a1c5dfdf,87,17,0
2026-08-24,OTEPAY-009,na5bdf99d5706,85,11,0
2026-08-24,OTEPAY-001,n6396852d7c6a,82,19,0
2026-08-24,LIFE-004,nffa7e9ae3234,74,18,2
2026-08-24,LIFE-003,n003e73497ad9,69,13,0
2026-08-24,PLAYVEE-001,n3cb576e5f930,66,12,0
2026-08-24,LIFE-006,n41dd15343129,68,10,0
2026-08-24,OTHER-001,n11933f33e051,62,18,0
2026-08-24,OTEPAY-003,nf27bdd46ade5,62,15,0
2026-08-24,OTEPAY-005,n30fda5bfa761,59,14,0
2026-08-24,CRAFT-003,nf9c5e7c96ad4,57,13,2
2026-08-24,CRAFT-005,ne9d6aa722ef5,60,23,2
2026-08-24,AILAB-001,n82c683a34214,55,19,0
2026-08-24,LIFE-005,n265870eeb1fa,54,16,0
2026-08-24,CRAFT-004,n88c4129a954e,51,11,0
2026-08-24,LIFE-007,n206593e0ab29,51,19,0
2026-08-24,CRAFT-002,n2e454f52ac1b,43,7,0
2026-08-24,OTEPAY-008,n7e41c4f77a39,40,5,0
2026-08-24,AILAB-002,n3eae2826d2a6,40,11,2
2026-08-24,OTEPAY-007,n5f9f033b9984,37,11,0
2026-08-24,OTEPAY-010,n7a4f8948b729,40,8,0
2026-08-24,OTHER-002,n4dda5432aab6,41,14,0
2026-08-24,OTEPAY-006,n4a254917eef4,32,7,0
2026-08-24,LIFE-001,n9ba1ab2ca292,26,4,0
2026-08-24,LIFE-002,n980384a715f5,25,5,0
2026-08-24,LIFE-008,n69aa219b9a4f,33,6,0
2026-08-24,LIFE-009,n4d6edde95632,49,12,0
2026-08-24,LIFE-010,n4f304f74e11f,37,5,0
2026-08-24,LIFE-011,nd1b3c376d573,39,12,0
2026-08-24,LIFE-012,n81b245ad2653,33,7,0
2026-08-24,OTEPAY-11,n7e5f69222797,20,6,0
2026-08-25,CRAFT-001,nf1fcb315c3b5,120,25,0
2026-08-25,OTEPAY-002,n19fca6a0bced,91,21,5
2026-08-25,OTEPAY-004,n9743a1c5dfdf,87,17,0
2026-08-25,OTEPAY-009,na5bdf99d5706,88,12,0
2026-08-25,OTEPAY-001,n6396852d7c6a,82,19,0
2026-08-25,LIFE-004,nffa7e9ae3234,74,18,2
2026-08-25,LIFE-003,n003e73497ad9,69,13,0
2026-08-25,PLAYVEE-001,n3cb576e5f930,66,12,0
2026-08-25,LIFE-006,n41dd15343129,68,10,0
2026-08-25,OTHER-001,n11933f33e051,62,18,0
2026-08-25,OTEPAY-003,nf27bdd46ade5,62,15,0
2026-08-25,OTEPAY-005,n30fda5bfa761,59,14,0
2026-08-25,CRAFT-003,nf9c5e7c96ad4,57,13,2
2026-08-25,CRAFT-005,ne9d6aa722ef5,60,23,2
2026-08-25,AILAB-001,n82c683a34214,55,19,0
2026-08-25,LIFE-005,n265870eeb1fa,54,16,0
2026-08-25,CRAFT-004,n88c4129a954e,51,11,0
2026-08-25,LIFE-007,n206593e0ab29,51,19,0
2026-08-25,CRAFT-002,n2e454f52ac1b,43,7,0
2026-08-25,OTEPAY-008,n7e41c4f77a39,40,5,0
2026-08-25,AILAB-002,n3eae2826d2a6,40,11,2
2026-08-25,OTEPAY-007,n5f9f033b9984,37,11,0
2026-08-25,OTEPAY-010,n7a4f8948b729,41,8,0
2026-08-25,OTHER-002,n4dda5432aab6,41,15,0
2026-08-25,OTEPAY-006,n4a254917eef4,32,7,0
2026-08-25,LIFE-001,n9ba1ab2ca292,26,4,0
2026-08-25,LIFE-002,n980384a715f5,25,5,0
2026-08-25,LIFE-008,n69aa219b9a4f,36,6,0
2026-08-25,LIFE-009,n4d6edde95632,49,12,0
2026-08-25,LIFE-010,n4f304f74e11f,37,5,0
2026-08-25,LIFE-011,nd1b3c376d573,39,12,0
2026-08-25,LIFE-012,n81b245ad2653,33,7,0
2026-08-25,OTEPAY-11,n7e5f69222797,22,7,0
2026-08-25,,n8cdbb5eff743,21,3,0
2026-08-26,CRAFT-001,nf1fcb315c3b5,120,25,0
2026-08-26,OTEPAY-002,n19fca6a0bced,91,21,5
2026-08-26,OTEPAY-004,n9743a1c5dfdf,87,17,0
2026-08-26,OTEPAY-009,na5bdf99d5706,88,12,0
2026-08-26,OTEPAY-001,n6396852d7c6a,82,19,0
2026-08-26,LIFE-004,nffa7e9ae3234,74,18,2
2026-08-26,LIFE-003,n003e73497ad9,69,13,0
2026-08-26,PLAYVEE-001,n3cb576e5f930,66,12,0
2026-08-26,LIFE-006,n41dd15343129,69,10,0
2026-08-26,OTHER-001,n11933f33e051,62,18,0
2026-08-26,OTEPAY-003,nf27bdd46ade5,62,15,0
2026-08-26,OTEPAY-005,n30fda5bfa761,59,14,0
2026-08-26,CRAFT-003,nf9c5e7c96ad4,57,13,2
2026-08-26,CRAFT-005,ne9d6aa722ef5,60,23,2
2026-08-26,AILAB-001,n82c683a34214,55,19,0
2026-08-26,LIFE-005,n265870eeb1fa,54,16,0
2026-08-26,CRAFT-004,n88c4129a954e,51,11,0
2026-08-26,LIFE-007,n206593e0ab29,51,19,0
2026-08-26,CRAFT-002,n2e454f52ac1b,43,7,0
2026-08-26,OTEPAY-008,n7e41c4f77a39,40,5,0
2026-08-26,AILAB-002,n3eae2826d2a6,40,11,2
2026-08-26,OTEPAY-007,n5f9f033b9984,37,11,0
2026-08-26,OTEPAY-010,n7a4f8948b729,41,8,0
2026-08-26,OTHER-002,n4dda5432aab6,41,15,0
2026-08-26,OTEPAY-006,n4a254917eef4,32,7,0
2026-08-26,LIFE-001,n9ba1ab2ca292,26,4,0
2026-08-26,LIFE-002,n980384a715f5,25,5,0
2026-08-26,LIFE-008,n69aa219b9a4f,36,6,0
2026-08-26,LIFE-009,n4d6edde95632,49,12,0
2026-08-26,LIFE-010,n4f304f74e11f,38,6,0
2026-08-26,LIFE-011,nd1b3c376d573,40,12,0
2026-08-26,LIFE-012,n81b245ad2653,34,7,0
2026-08-26,OTEPAY-11,n7e5f69222797,22,7,0
2026-08-26,LIFE-013,n8cdbb5eff743,29,4,0
2026-08-27,CRAFT-001,nf1fcb315c3b5,120,25,0
2026-08-27,OTEPAY-002,n19fca6a0bced,91,21,5
2026-08-27,OTEPAY-004,n9743a1c5dfdf,87,17,0
2026-08-27,OTEPAY-009,na5bdf99d5706,88,12,0
2026-08-27,OTEPAY-001,n6396852d7c6a,82,19,0
2026-08-27,LIFE-004,nffa7e9ae3234,74,18,2
2026-08-27,LIFE-003,n003e73497ad9,69,13,0
2026-08-27,PLAYVEE-001,n3cb576e5f930,66,12,0
2026-08-27,LIFE-006,n41dd15343129,69,10,0
2026-08-27,OTHER-001,n11933f33e051,62,18,0
2026-08-27,OTEPAY-003,nf27bdd46ade5,62,15,0
2026-08-27,OTEPAY-005,n30fda5bfa761,59,14,0
2026-08-27,CRAFT-003,nf9c5e7c96ad4,57,13,2
2026-08-27,CRAFT-005,ne9d6aa722ef5,60,23,2
2026-08-27,AILAB-001,n82c683a34214,55,19,0
2026-08-27,LIFE-005,n265870eeb1fa,54,16,0
2026-08-27,CRAFT-004,n88c4129a954e,51,11,0
2026-08-27,LIFE-007,n206593e0ab29,51,19,0
2026-08-27,CRAFT-002,n2e454f52ac1b,44,7,0
2026-08-27,OTEPAY-008,n7e41c4f77a39,40,5,0
2026-08-27,AILAB-002,n3eae2826d2a6,40,11,2
2026-08-27,OTEPAY-007,n5f9f033b9984,37,11,0
2026-08-27,OTEPAY-010,n7a4f8948b729,41,8,0
2026-08-27,OTHER-002,n4dda5432aab6,42,17,0
2026-08-27,OTEPAY-006,n4a254917eef4,32,7,0
2026-08-27,LIFE-001,n9ba1ab2ca292,26,4,0
2026-08-27,LIFE-002,n980384a715f5,25,5,0
2026-08-27,LIFE-008,n69aa219b9a4f,36,6,0
2026-08-27,LIFE-009,n4d6edde95632,49,12,0
2026-08-27,LIFE-010,n4f304f74e11f,38,6,0
2026-08-27,LIFE-011,nd1b3c376d573,40,12,0
2026-08-27,LIFE-012,n81b245ad2653,35,7,0
2026-08-27,OTEPAY-11,n7e5f69222797,22,8,0
2026-08-27,LIFE-013,n8cdbb5eff743,30,4,0
2026-08-27,,nb8c2ecd53761,12,2,0
2026-08-28,CRAFT-001,nf1fcb315c3b5,120,25,0
2026-08-28,OTEPAY-002,n19fca6a0bced,91,21,5
2026-08-28,OTEPAY-004,n9743a1c5dfdf,87,17,0
2026-08-28,OTEPAY-009,na5bdf99d5706,88,12,0
2026-08-28,OTEPAY-001,n6396852d7c6a,82,19,0
2026-08-28,LIFE-004,nffa7e9ae3234,76,18,2
2026-08-28,LIFE-003,n003e73497ad9,69,13,0
2026-08-28,PLAYVEE-001,n3cb576e5f930,66,12,0
2026-08-28,LIFE-006,n41dd15343129,70,10,0
2026-08-28,OTHER-001,n11933f33e051,62,18,0
2026-08-28,OTEPAY-003,nf27bdd46ade5,62,15,0
2026-08-28,OTEPAY-005,n30fda5bfa761,59,14,0
2026-08-28,CRAFT-003,nf9c5e7c96ad4,57,13,2
2026-08-28,CRAFT-005,ne9d6aa722ef5,60,23,2
2026-08-28,AILAB-001,n82c683a34214,55,19,0
2026-08-28,LIFE-005,n265870eeb1fa,55,16,0
2026-08-28,CRAFT-004,n88c4129a954e,51,11,0
2026-08-28,LIFE-007,n206593e0ab29,51,19,0
2026-08-28,CRAFT-002,n2e454f52ac1b,44,7,0
2026-08-28,OTEPAY-008,n7e41c4f77a39,40,5,0
2026-08-28,AILAB-002,n3eae2826d2a6,40,11,2
2026-08-28,OTEPAY-007,n5f9f033b9984,37,11,0
2026-08-28,OTEPAY-010,n7a4f8948b729,41,8,0
2026-08-28,OTHER-002,n4dda5432aab6,55,19,3
2026-08-28,OTEPAY-006,n4a254917eef4,32,7,0
2026-08-28,LIFE-001,n9ba1ab2ca292,26,4,0
2026-08-28,LIFE-002,n980384a715f5,25,5,0
2026-08-28,LIFE-008,n69aa219b9a4f,36,6,0
2026-08-28,LIFE-009,n4d6edde95632,49,12,0
2026-08-28,LIFE-010,n4f304f74e11f,38,6,0
2026-08-28,LIFE-011,nd1b3c376d573,40,12,0
2026-08-28,LIFE-012,n81b245ad2653,35,7,0
2026-08-28,OTEPAY-11,n7e5f69222797,22,9,0
2026-08-28,LIFE-013,n8cdbb5eff743,32,5,0
2026-08-28,CRAFT-006,nb8c2ecd53761,21,3,0
2026-08-29,CRAFT-001,nf1fcb315c3b5,120,25,0
2026-08-29,OTEPAY-002,n19fca6a0bced,91,21,5
2026-08-29,OTEPAY-004,n9743a1c5dfdf,87,17,0
2026-08-29,OTEPAY-009,na5bdf99d5706,88,12,0
2026-08-29,OTEPAY-001,n6396852d7c6a,82,19,0
2026-08-29,LIFE-004,nffa7e9ae3234,76,18,2
2026-08-29,LIFE-003,n003e73497ad9,69,13,0
2026-08-29,PLAYVEE-001,n3cb576e5f930,66,12,0
2026-08-29,LIFE-006,n41dd15343129,70,10,0
2026-08-29,OTHER-001,n11933f33e051,62,18,0
2026-08-29,OTEPAY-003,nf27bdd46ade5,62,15,0
2026-08-29,OTEPAY-005,n30fda5bfa761,59,14,0
2026-08-29,CRAFT-003,nf9c5e7c96ad4,57,13,2
2026-08-29,CRAFT-005,ne9d6aa722ef5,61,23,2
2026-08-29,AILAB-001,n82c683a34214,55,19,0
2026-08-29,LIFE-005,n265870eeb1fa,55,16,0
2026-08-29,CRAFT-004,n88c4129a954e,51,11,0
2026-08-29,LIFE-007,n206593e0ab29,51,19,0
2026-08-29,CRAFT-002,n2e454f52ac1b,44,7,0
2026-08-29,OTEPAY-008,n7e41c4f77a39,40,5,0
2026-08-29,AILAB-002,n3eae2826d2a6,40,11,2
2026-08-29,OTEPAY-007,n5f9f033b9984,37,11,0
2026-08-29,OTEPAY-010,n7a4f8948b729,41,8,0
2026-08-29,OTHER-002,n4dda5432aab6,55,19,3
2026-08-29,OTEPAY-006,n4a254917eef4,32,7,0
2026-08-29,LIFE-001,n9ba1ab2ca292,26,4,0
2026-08-29,LIFE-002,n980384a715f5,25,5,0
2026-08-29,LIFE-008,n69aa219b9a4f,36,6,0
2026-08-29,LIFE-009,n4d6edde95632,49,13,0
2026-08-29,LIFE-010,n4f304f74e11f,38,6,0
2026-08-29,LIFE-011,nd1b3c376d573,40,12,0
2026-08-29,LIFE-012,n81b245ad2653,35,7,0
2026-08-29,OTEPAY-11,n7e5f69222797,22,9,0
2026-08-29,LIFE-013,n8cdbb5eff743,33,7,0
2026-08-29,CRAFT-006,nb8c2ecd53761,22,4,0
2026-08-29,,nc18a6b8c8e96,12,4,0
2026-08-30,CRAFT-001,nf1fcb315c3b5,120,25,0
2026-08-30,OTEPAY-002,n19fca6a0bced,91,21,5
2026-08-30,OTEPAY-004,n9743a1c5dfdf,87,17,0
2026-08-30,OTEPAY-009,na5bdf99d5706,88,12,0
2026-08-30,OTEPAY-001,n6396852d7c6a,82,19,0
2026-08-30,LIFE-004,nffa7e9ae3234,77,18,2
2026-08-30,LIFE-003,n003e73497ad9,69,13,0
2026-08-30,PLAYVEE-001,n3cb576e5f930,66,12,0
2026-08-30,LIFE-006,n41dd15343129,71,10,0
2026-08-30,OTHER-001,n11933f33e051,62,18,0
2026-08-30,OTEPAY-003,nf27bdd46ade5,62,15,0
2026-08-30,OTEPAY-005,n30fda5bfa761,59,14,0
2026-08-30,CRAFT-003,nf9c5e7c96ad4,57,13,2
2026-08-30,CRAFT-005,ne9d6aa722ef5,63,23,2
2026-08-30,AILAB-001,n82c683a34214,55,19,0
2026-08-30,LIFE-005,n265870eeb1fa,55,16,0
2026-08-30,CRAFT-004,n88c4129a954e,51,11,0
2026-08-30,LIFE-007,n206593e0ab29,51,19,0
2026-08-30,CRAFT-002,n2e454f52ac1b,44,7,0
2026-08-30,OTEPAY-008,n7e41c4f77a39,40,5,0
2026-08-30,AILAB-002,n3eae2826d2a6,41,11,2
2026-08-30,OTEPAY-007,n5f9f033b9984,37,11,0
2026-08-30,OTEPAY-010,n7a4f8948b729,41,8,0
2026-08-30,OTHER-002,n4dda5432aab6,58,19,3
2026-08-30,OTEPAY-006,n4a254917eef4,32,7,0
2026-08-30,LIFE-001,n9ba1ab2ca292,26,4,0
2026-08-30,LIFE-002,n980384a715f5,25,5,0
2026-08-30,LIFE-008,n69aa219b9a4f,37,6,0
2026-08-30,LIFE-009,n4d6edde95632,49,13,0
2026-08-30,LIFE-010,n4f304f74e11f,38,6,0
2026-08-30,LIFE-011,nd1b3c376d573,41,12,0
2026-08-30,LIFE-012,n81b245ad2653,35,7,0
2026-08-30,OTEPAY-11,n7e5f69222797,23,9,0
2026-08-30,LIFE-013,n8cdbb5eff743,33,7,0
2026-08-30,CRAFT-006,nb8c2ecd53761,23,4,0
2026-08-30,LIFE-014,nc18a6b8c8e96,32,7,0
2026-08-31,CRAFT-001,nf1fcb315c3b5,120,25,0
2026-08-31,OTEPAY-002,n19fca6a0bced,91,21,5
2026-08-31,OTEPAY-004,n9743a1c5dfdf,87,17,0
2026-08-31,OTEPAY-009,na5bdf99d5706,88,12,0
2026-08-31,OTEPAY-001,n6396852d7c6a,82,19,0
2026-08-31,LIFE-004,nffa7e9ae3234,77,18,2
2026-08-31,LIFE-003,n003e73497ad9,69,13,0
2026-08-31,PLAYVEE-001,n3cb576e5f930,67,12,0
2026-08-31,LIFE-006,n41dd15343129,71,10,0
2026-08-31,OTHER-001,n11933f33e051,62,18,0
2026-08-31,OTEPAY-003,nf27bdd46ade5,62,15,0
2026-08-31,OTEPAY-005,n30fda5bfa761,59,14,0
2026-08-31,CRAFT-003,nf9c5e7c96ad4,57,13,2
2026-08-31,CRAFT-005,ne9d6aa722ef5,63,23,2
2026-08-31,AILAB-001,n82c683a34214,55,19,0
2026-08-31,LIFE-005,n265870eeb1fa,55,16,0
2026-08-31,CRAFT-004,n88c4129a954e,51,11,0
2026-08-31,LIFE-007,n206593e0ab29,51,19,0
2026-08-31,CRAFT-002,n2e454f52ac1b,44,7,0
2026-08-31,OTEPAY-008,n7e41c4f77a39,40,5,0
2026-08-31,AILAB-002,n3eae2826d2a6,41,11,2
2026-08-31,OTEPAY-007,n5f9f033b9984,37,11,0
2026-08-31,OTEPAY-010,n7a4f8948b729,41,8,0
2026-08-31,OTHER-002,n4dda5432aab6,59,20,3
2026-08-31,OTEPAY-006,n4a254917eef4,32,7,0
2026-08-31,LIFE-001,n9ba1ab2ca292,26,4,0
2026-08-31,LIFE-002,n980384a715f5,25,5,0
2026-08-31,LIFE-008,n69aa219b9a4f,37,6,0
2026-08-31,LIFE-009,n4d6edde95632,49,13,0
2026-08-31,LIFE-010,n4f304f74e11f,38,6,0
2026-08-31,LIFE-011,nd1b3c376d573,41,12,0
2026-08-31,LIFE-012,n81b245ad2653,35,7,0
2026-08-31,OTEPAY-11,n7e5f69222797,24,9,0
2026-08-31,LIFE-013,n8cdbb5eff743,33,7,0
2026-08-31,CRAFT-006,nb8c2ecd53761,23,4,0
2026-08-31,LIFE-014,nc18a6b8c8e96,35,8,0
2026-08-31,,n8fa76cf9bba6,11,3,0
2026-09-01,CRAFT-001,nf1fcb315c3b5,120,25,0
2026-09-01,OTEPAY-002,n19fca6a0bced,91,21,5
2026-09-01,OTEPAY-004,n9743a1c5dfdf,87,17,0
2026-09-01,OTEPAY-009,na5bdf99d5706,88,12,0
2026-09-01,OTEPAY-001,n6396852d7c6a,82,19,0
2026-09-01,LIFE-004,nffa7e9ae3234,77,18,2
2026-09-01,LIFE-003,n003e73497ad9,69,13,0
2026-09-01,PLAYVEE-001,n3cb576e5f930,67,12,0
2026-09-01,LIFE-006,n41dd15343129,71,10,0
2026-09-01,OTHER-001,n11933f33e051,62,18,0
2026-09-01,OTEPAY-003,nf27bdd46ade5,62,15,0
2026-09-01,OTEPAY-005,n30fda5bfa761,59,14,0
2026-09-01,CRAFT-003,nf9c5e7c96ad4,57,13,2
2026-09-01,CRAFT-005,ne9d6aa722ef5,63,23,2
2026-09-01,AILAB-001,n82c683a34214,55,19,0
2026-09-01,LIFE-005,n265870eeb1fa,55,16,0
2026-09-01,CRAFT-004,n88c4129a954e,51,11,0
2026-09-01,LIFE-007,n206593e0ab29,51,19,0
2026-09-01,CRAFT-002,n2e454f52ac1b,44,7,0
2026-09-01,OTEPAY-008,n7e41c4f77a39,40,5,0
2026-09-01,AILAB-002,n3eae2826d2a6,41,11,2
2026-09-01,OTEPAY-007,n5f9f033b9984,37,11,0
2026-09-01,OTEPAY-010,n7a4f8948b729,41,8,0
2026-09-01,OTHER-002,n4dda5432aab6,60,20,3
2026-09-01,OTEPAY-006,n4a254917eef4,32,7,0
2026-09-01,LIFE-001,n9ba1ab2ca292,26,4,0
2026-09-01,LIFE-002,n980384a715f5,25,5,0
2026-09-01,LIFE-008,n69aa219b9a4f,37,6,0
2026-09-01,LIFE-009,n4d6edde95632,49,13,0
2026-09-01,LIFE-010,n4f304f74e11f,38,6,0
2026-09-01,LIFE-011,nd1b3c376d573,41,12,0
2026-09-01,LIFE-012,n81b245ad2653,35,7,0
2026-09-01,OTEPAY-11,n7e5f69222797,24,9,0
2026-09-01,LIFE-013,n8cdbb5eff743,33,7,0
2026-09-01,CRAFT-006,nb8c2ecd53761,25,4,0
2026-09-01,LIFE-014,nc18a6b8c8e96,35,8,0
2026-09-01,,n8fa76cf9bba6,39,5,0
2026-09-02,CRAFT-001,nf1fcb315c3b5,120,25,0
2026-09-02,OTEPAY-002,n19fca6a0bced,91,21,5
2026-09-02,OTEPAY-004,n9743a1c5dfdf,87,17,0
2026-09-02,OTEPAY-009,na5bdf99d5706,88,12,0
2026-09-02,OTEPAY-001,n6396852d7c6a,82,19,0
2026-09-02,LIFE-004,nffa7e9ae3234,77,18,2
2026-09-02,LIFE-003,n003e73497ad9,69,13,0
2026-09-02,PLAYVEE-001,n3cb576e5f930,69,13,0
2026-09-02,LIFE-006,n41dd15343129,72,10,0
2026-09-02,OTHER-001,n11933f33e051,62,18,0
2026-09-02,OTEPAY-003,nf27bdd46ade5,62,15,0
2026-09-02,OTEPAY-005,n30fda5bfa761,59,14,0
2026-09-02,CRAFT-003,nf9c5e7c96ad4,57,13,2
2026-09-02,CRAFT-005,ne9d6aa722ef5,63,23,2
2026-09-02,AILAB-001,n82c683a34214,55,19,0
2026-09-02,LIFE-005,n265870eeb1fa,55,16,0
2026-09-02,CRAFT-004,n88c4129a954e,51,11,0
2026-09-02,LIFE-007,n206593e0ab29,51,19,0
2026-09-02,CRAFT-002,n2e454f52ac1b,44,7,0
2026-09-02,OTEPAY-008,n7e41c4f77a39,40,5,0
2026-09-02,AILAB-002,n3eae2826d2a6,41,11,2
2026-09-02,OTEPAY-007,n5f9f033b9984,37,11,0
2026-09-02,OTEPAY-010,n7a4f8948b729,41,8,0
2026-09-02,OTHER-002,n4dda5432aab6,61,20,3
2026-09-02,OTEPAY-006,n4a254917eef4,32,7,0
2026-09-02,LIFE-001,n9ba1ab2ca292,26,4,0
2026-09-02,LIFE-002,n980384a715f5,25,5,0
2026-09-02,LIFE-008,n69aa219b9a4f,37,6,0
2026-09-02,LIFE-009,n4d6edde95632,50,13,0
2026-09-02,LIFE-010,n4f304f74e11f,38,6,0
2026-09-02,LIFE-011,nd1b3c376d573,43,12,0
2026-09-02,LIFE-012,n81b245ad2653,36,7,0
2026-09-02,OTEPAY-11,n7e5f69222797,24,9,0
2026-09-02,LIFE-013,n8cdbb5eff743,35,7,0
2026-09-02,CRAFT-006,nb8c2ecd53761,25,4,0
2026-09-02,LIFE-014,nc18a6b8c8e96,36,8,0
2026-09-02,,n8fa76cf9bba6,45,5,0
2026-09-02,,n1847e9403668,44,4,0
2026-09-03,CRAFT-001,nf1fcb315c3b5,120,25,0
2026-09-03,OTEPAY-002,n19fca6a0bced,91,21,5
2026-09-03,OTEPAY-004,n9743a1c5dfdf,87,17,0
2026-09-03,OTEPAY-009,na5bdf99d5706,88,12,0
2026-09-03,OTEPAY-001,n6396852d7c6a,82,19,0
2026-09-03,LIFE-004,nffa7e9ae3234,77,18,2
2026-09-03,LIFE-003,n003e73497ad9,69,13,0
2026-09-03,PLAYVEE-001,n3cb576e5f930,69,13,0
2026-09-03,LIFE-006,n41dd15343129,72,10,0
2026-09-03,OTHER-001,n11933f33e051,62,18,0
2026-09-03,OTEPAY-003,nf27bdd46ade5,62,15,0
2026-09-03,OTEPAY-005,n30fda5bfa761,59,14,0
2026-09-03,CRAFT-003,nf9c5e7c96ad4,57,13,2
2026-09-03,CRAFT-005,ne9d6aa722ef5,63,23,2
2026-09-03,AILAB-001,n82c683a34214,55,19,0
2026-09-03,LIFE-005,n265870eeb1fa,55,16,0
2026-09-03,CRAFT-004,n88c4129a954e,51,11,0
2026-09-03,LIFE-007,n206593e0ab29,51,19,0
2026-09-03,CRAFT-002,n2e454f52ac1b,44,7,0
2026-09-03,OTEPAY-008,n7e41c4f77a39,40,5,0
2026-09-03,AILAB-002,n3eae2826d2a6,41,11,2
2026-09-03,OTEPAY-007,n5f9f033b9984,37,11,0
2026-09-03,OTEPAY-010,n7a4f8948b729,41,8,0
2026-09-03,OTHER-002,n4dda5432aab6,63,21,3
2026-09-03,OTEPAY-006,n4a254917eef4,32,7,0
2026-09-03,LIFE-001,n9ba1ab2ca292,26,4,0
2026-09-03,LIFE-002,n980384a715f5,25,5,0
2026-09-03,LIFE-008,n69aa219b9a4f,38,6,0
2026-09-03,LIFE-009,n4d6edde95632,51,13,0
2026-09-03,LIFE-010,n4f304f74e11f,38,6,0
2026-09-03,LIFE-011,nd1b3c376d573,43,12,0
2026-09-03,LIFE-012,n81b245ad2653,36,7,0
2026-09-03,OTEPAY-11,n7e5f69222797,24,9,0
2026-09-03,LIFE-013,n8cdbb5eff743,35,7,0
2026-09-03,CRAFT-006,nb8c2ecd53761,25,4,0
2026-09-03,LIFE-014,nc18a6b8c8e96,36,8,0
2026-09-03,CRAFT-007,n8fa76cf9bba6,47,5,0
2026-09-03,LIFE-015,n1847e9403668,73,7,0
2026-09-04,CRAFT-001,nf1fcb315c3b5,120,25,0
2026-09-04,OTEPAY-002,n19fca6a0bced,91,21,5
2026-09-04,OTEPAY-004,n9743a1c5dfdf,87,17,0
2026-09-04,OTEPAY-009,na5bdf99d5706,88,12,0
2026-09-04,OTEPAY-001,n6396852d7c6a,82,19,0
2026-09-04,LIFE-004,nffa7e9ae3234,77,18,2
2026-09-04,LIFE-003,n003e73497ad9,69,13,0
2026-09-04,PLAYVEE-001,n3cb576e5f930,69,13,0
2026-09-04,LIFE-006,n41dd15343129,72,10,0
2026-09-04,OTHER-001,n11933f33e051,62,18,0
2026-09-04,OTEPAY-003,nf27bdd46ade5,62,15,0
2026-09-04,OTEPAY-005,n30fda5bfa761,59,14,0
2026-09-04,CRAFT-003,nf9c5e7c96ad4,57,13,2
2026-09-04,CRAFT-005,ne9d6aa722ef5,63,23,2
2026-09-04,AILAB-001,n82c683a34214,55,19,0
2026-09-04,LIFE-005,n265870eeb1fa,55,16,0
2026-09-04,CRAFT-004,n88c4129a954e,51,11,0
2026-09-04,LIFE-007,n206593e0ab29,51,19,0
2026-09-04,CRAFT-002,n2e454f52ac1b,44,7,0
2026-09-04,OTEPAY-008,n7e41c4f77a39,40,5,0
2026-09-04,AILAB-002,n3eae2826d2a6,41,11,2
2026-09-04,OTEPAY-007,n5f9f033b9984,37,11,0
2026-09-04,OTEPAY-010,n7a4f8948b729,41,8,0
2026-09-04,OTHER-002,n4dda5432aab6,63,21,3
2026-09-04,OTEPAY-006,n4a254917eef4,32,7,0
2026-09-04,LIFE-001,n9ba1ab2ca292,26,4,0
2026-09-04,LIFE-002,n980384a715f5,25,5,0
2026-09-04,LIFE-008,n69aa219b9a4f,38,6,0
2026-09-04,LIFE-009,n4d6edde95632,53,13,0
2026-09-04,LIFE-010,n4f304f74e11f,39,6,1
2026-09-04,LIFE-011,nd1b3c376d573,43,12,0
2026-09-04,LIFE-012,n81b245ad2653,36,7,0
2026-09-04,OTEPAY-11,n7e5f69222797,24,9,0
2026-09-04,LIFE-013,n8cdbb5eff743,36,8,0
2026-09-04,CRAFT-006,nb8c2ecd53761,26,4,0
2026-09-04,LIFE-014,nc18a6b8c8e96,36,8,0
2026-09-04,CRAFT-007,n8fa76cf9bba6,60,6,2
2026-09-04,LIFE-015,n1847e9403668,85,9,0
2026-09-04,,nd90a07aca867,28,5,0
2026-09-05,CRAFT-001,nf1fcb315c3b5,120,25,0
2026-09-05,OTEPAY-002,n19fca6a0bced,91,21,5
2026-09-05,OTEPAY-004,n9743a1c5dfdf,87,17,0
2026-09-05,OTEPAY-009,na5bdf99d5706,88,12,0
2026-09-05,OTEPAY-001,n6396852d7c6a,82,19,0
2026-09-05,LIFE-004,nffa7e9ae3234,78,18,2
2026-09-05,LIFE-003,n003e73497ad9,69,13,0
2026-09-05,PLAYVEE-001,n3cb576e5f930,69,13,0
2026-09-05,LIFE-006,n41dd15343129,72,10,0
2026-09-05,OTHER-001,n11933f33e051,63,18,0
2026-09-05,OTEPAY-003,nf27bdd46ade5,62,15,0
2026-09-05,OTEPAY-005,n30fda5bfa761,59,14,0
2026-09-05,CRAFT-003,nf9c5e7c96ad4,57,13,2
2026-09-05,CRAFT-005,ne9d6aa722ef5,63,23,2
2026-09-05,AILAB-001,n82c683a34214,55,19,0
2026-09-05,LIFE-005,n265870eeb1fa,55,16,0
2026-09-05,CRAFT-004,n88c4129a954e,51,11,0
2026-09-05,LIFE-007,n206593e0ab29,51,19,0
2026-09-05,CRAFT-002,n2e454f52ac1b,44,7,0
2026-09-05,OTEPAY-008,n7e41c4f77a39,40,5,0
2026-09-05,AILAB-002,n3eae2826d2a6,41,11,2
2026-09-05,OTEPAY-007,n5f9f033b9984,37,11,0
2026-09-05,OTEPAY-010,n7a4f8948b729,41,8,0
2026-09-05,OTHER-002,n4dda5432aab6,65,22,3
2026-09-05,OTEPAY-006,n4a254917eef4,32,7,0
2026-09-05,LIFE-001,n9ba1ab2ca292,26,4,0
2026-09-05,LIFE-002,n980384a715f5,25,5,0
2026-09-05,LIFE-008,n69aa219b9a4f,38,6,0
2026-09-05,LIFE-009,n4d6edde95632,53,13,0
2026-09-05,LIFE-010,n4f304f74e11f,45,6,3
2026-09-05,LIFE-011,nd1b3c376d573,43,12,0
2026-09-05,LIFE-012,n81b245ad2653,36,7,0
2026-09-05,OTEPAY-11,n7e5f69222797,25,9,0
2026-09-05,LIFE-013,n8cdbb5eff743,36,8,0
2026-09-05,CRAFT-006,nb8c2ecd53761,26,4,0
2026-09-05,LIFE-014,nc18a6b8c8e96,36,8,0
2026-09-05,CRAFT-007,n8fa76cf9bba6,67,6,3
2026-09-05,LIFE-015,n1847e9403668,85,9,0
2026-09-05,,nd90a07aca867,48,8,0
2026-09-06,CRAFT-001,nf1fcb315c3b5,120,25,0
2026-09-06,OTEPAY-002,n19fca6a0bced,91,21,5
2026-09-06,OTEPAY-004,n9743a1c5dfdf,87,17,0
2026-09-06,OTEPAY-009,na5bdf99d5706,88,12,0
2026-09-06,OTEPAY-001,n6396852d7c6a,82,19,0
2026-09-06,LIFE-004,nffa7e9ae3234,78,18,2
2026-09-06,LIFE-003,n003e73497ad9,69,13,0
2026-09-06,PLAYVEE-001,n3cb576e5f930,70,13,0
2026-09-06,LIFE-006,n41dd15343129,72,10,0
2026-09-06,OTHER-001,n11933f33e051,63,18,0
2026-09-06,OTEPAY-003,nf27bdd46ade5,62,15,0
2026-09-06,OTEPAY-005,n30fda5bfa761,59,14,0
2026-09-06,CRAFT-003,nf9c5e7c96ad4,57,13,2
2026-09-06,CRAFT-005,ne9d6aa722ef5,63,23,2
2026-09-06,AILAB-001,n82c683a34214,55,19,0
2026-09-06,LIFE-005,n265870eeb1fa,55,16,0
2026-09-06,CRAFT-004,n88c4129a954e,51,11,0
2026-09-06,LIFE-007,n206593e0ab29,51,19,0
2026-09-06,CRAFT-002,n2e454f52ac1b,44,7,0
2026-09-06,OTEPAY-008,n7e41c4f77a39,40,5,0
2026-09-06,AILAB-002,n3eae2826d2a6,41,11,2
2026-09-06,OTEPAY-007,n5f9f033b9984,37,11,0
2026-09-06,OTEPAY-010,n7a4f8948b729,41,8,0
2026-09-06,OTHER-002,n4dda5432aab6,65,22,3
2026-09-06,OTEPAY-006,n4a254917eef4,32,7,0
2026-09-06,LIFE-001,n9ba1ab2ca292,26,4,0
2026-09-06,LIFE-002,n980384a715f5,25,5,0
2026-09-06,LIFE-008,n69aa219b9a4f,38,6,0
2026-09-06,LIFE-009,n4d6edde95632,53,13,0
2026-09-06,LIFE-010,n4f304f74e11f,45,6,3
2026-09-06,LIFE-011,nd1b3c376d573,44,12,0
2026-09-06,LIFE-012,n81b245ad2653,36,7,0
2026-09-06,OTEPAY-11,n7e5f69222797,25,9,0
2026-09-06,LIFE-013,n8cdbb5eff743,36,8,0
2026-09-06,CRAFT-006,nb8c2ecd53761,27,4,0
2026-09-06,LIFE-014,nc18a6b8c8e96,36,8,0
2026-09-06,CRAFT-007,n8fa76cf9bba6,68,6,3
2026-09-06,LIFE-015,n1847e9403668,85,9,0
2026-09-06,OTEPAY-012,nd90a07aca867,56,8,0
2026-09-06,,n0864698f2103,15,4,0
